1,1,3,1,4,9,2,2,1.0956,1.2151,1.2637,3.8803,6.2802,2.3593,5.0953,0,0,-1
1,2,3,1,5,9,2,2,0.475,1.1048,3.8163,5.4996,10.583,4.2913,6.2993,0,0,-1
1,3,3,1,5,6,2,2,0.50018,0.8107,3.5997,5.6663,7.5829,4.0999,6.477,40,40,-1
2,1,3,1,4,6,2,1,0.37053,0.58072,3.8444,6.2443,7.911,4.2149,6.53,40,80,-1
2,2,3,1,5,7,2,1,0.38556,0.53568,3.5497,5.9996,8.0995,3.9352,6.5353,20,100,-1
2,3,3,1,4,7,2,1,1.4856,0.58005,3.0164,5.883,9.5995,3.3169,4.5019,20,120,-1
2,4,3,1,4,9,2,2,0.30973,0.62522,4.033,6.7496,8.6995,4.3427,7.3748,0,120,-1
2,5,3,1,4,6,2,1,0.52498,0.43053,1.5664,4.683,6.7496,2.0914,5.1135,40,160,-1
2,6,3,1,5,7,2,1,0.28539,0.42592,3.7497,7.7996,11.449,4.0351,8.2255,20,180,-1
2,7,3,1,2,7,1,1,0.33556,0.38002,2.7164,4.983,9.0662,3.0519,5.363,20,200,-1
3,1,1,1,2,8,1,2,0.36033,0.5298,2.3434,4.31,7.2266,2.7037,4.8398,10,210,8
3,2,1,1,2,7,1,1,0.97994,0.75474,1.9164,4.0496,7.7162,2.8963,4.8043,0,210,6
3,3,1,1,2,7,1,1,2.5058,0.6851,3.7497,9.7495,13.699,4.3954,6.2554,20,230,7
3,4,1,1,4,7,2,1,0.83043,0.51,2.8331,6.7996,10.4,3.6635,7.3096,0,230,6
3,5,1,1,2,8,1,2,3.3251,0.54477,3.3663,9.9328,13.149,4.2912,6.6914,10,240,8
4,1,2,1,4,9,2,2,0.73535,0.62016,3.2267,5.2599,8.9598,3.962,5.8801,0,240,6
4,2,2,1,5,9,2,1,0.62532,0.98555,1.3831,4.983,9.2162,2.0084,5.9685,0,240,8
4,3,2,1,4,7,2,1,0.52059,0.53973,3.633,6.2829,10.216,4.1536,6.8226,0,240,6
5,1,3,1,4,6,2,2,0.73064,0.40025,2.1276,6.1942,9.2774,2.3382,2.8582,40,280,-1
5,2,3,1,3,9,1,2,0.80572,0.80557,1.7164,3.9997,6.7162,2.2621,2.5221,0,280,-1
5,3,3,1,3,8,1,1,0.60998,0.6502,1.7331,4.583,8.6162,1.943,2.343,10,290,-1
6,1,2,1,5,9,2,1,0.86076,2.1102,2.311,5.4777,11.411,2.5217,3.1717,0,290,6
6,2,2,1,5,7,2,1,0.77037,0.52982,2.4831,5.0997,7.9329,3.1084,3.2534,0,290,6
6,3,2,1,3,8,1,1,1.5004,1.2406,1.9664,4.8663,7.1496,3.4667,6.1069,10,300,8
6,4,2,1,4,6,2,2,0.85002,0.95518,2.6164,4.8663,7.2663,3.4664,5.8215,40,340,6
6,5,2,1,4,9,2,2,0.9303,0.55996,1.983,6.5996,8.7328,2.7583,2.9133,0,340,6
7,1,4,1,4,7,2,1,0.71537,0.46996,1.6608,5.5274,7.5273,2.3762,5.9973,20,360,-1
7,2,4,1,3,7,1,2,0.3604,1.0856,2.8997,5.0496,9.2162,3.2601,6.1352,20,380,-1
7,3,4,1,3,8,1,1,0.35017,1.0901,2.2331,5.4663,8.0662,2.5832,6.5563,10,390,-1
7,4,4,1,2,7,1,1,0.96562,0.85989,3.2997,7.3496,11.716,4.2653,8.2094,20,410,-1
7,5,4,1,4,7,2,1,1.4802,0.78554,2.8164,6.6663,10.149,3.4965,4.2965,20,430,-1
7,6,4,1,4,6,2,1,1.2457,1.0606,3.2497,5.8829,8.9162,4.4954,6.9435,40,470,-1
8,1,1,1,4,7,2,1,1.0207,0.71037,2.3937,6.7102,8.7601,2.8194,3.4144,0,470,6
8,2,1,1,4,6,2,2,0.61508,2.1,1.3164,3.4497,8.1329,1.9315,5.5496,0,470,8
8,3,1,1,2,7,1,1,1.8052,0.74056,2.6497,7.8996,11.233,4.3299,4.4549,20,490,7
9,1,4,1,4,7,2,1,0.80073,0.9303,1.992,5.0586,7.0585,2.2877,2.7927,20,510,-1
9,2,4,1,2,8,1,1,0.89982,1.7154,3.7997,6.2163,10.699,4.4295,4.6995,10,520,-1
9,3,4,1,2,7,1,1,0.5206,0.57541,2.3497,4.583,8.1828,2.8702,5.1584,20,540,-1
10,1,3,1,5,9,2,1,0.42036,0.8649,3.1591,5.7757,10.109,3.5794,6.6406,0,540,-1
10,2,3,1,5,9,2,2,0.48515,0.88981,3.3997,6.8163,8.8995,3.8848,7.706,0,540,-1
10,3,3,1,5,7,2,1,0.38077,0.86563,3.633,8.0162,11.733,4.0138,8.8818,20,560,-1
10,4,3,1,2,8,1,2,0.59516,0.61067,2.1831,5.0496,7.7829,2.7782,5.6603,10,570,-1
10,5,3,1,3,9,1,1,0.82992,0.34543,3.5497,5.9163,10.049,4.3796,6.2617,0,570,-1
10,6,3,1,4,6,2,2,0.45565,0.41982,1.6998,5.0997,8.7162,2.1554,5.5195,40,610,-1
11,1,1,1,4,7,2,1,0.4304,0.48536,2.9095,6.7594,9.426,3.3399,7.2448,0,610,6
11,2,1,1,4,7,2,1,0.58514,1.2704,1.8498,4.1497,6.5329,2.4349,4.4099,0,610,8
11,3,1,1,2,7,1,1,0.40555,0.91537,3.9997,5.4829,9.0328,4.2802,4.4052,20,630,7
11,4,1,1,2,8,1,2,1.7806,0.56511,1.4331,4.3497,8.7662,1.6436,3.2136,10,640,8
11,5,1,1,4,7,2,1,0.86042,0.48537,3.8663,8.0495,10.299,4.7267,8.5349,0,640,6
11,6,1,1,4,6,2,2,0.99012,0.40072,2.2664,6.033,8.9996,3.2565,6.4337,40,680,6
12,1,2,1,5,7,2,1,0.94526,1.0799,2.0761,6.6926,9.4425,3.0213,6.7725,0,680,6
12,2,2,1,5,9,2,1,0.77009,0.89078,3.383,7.6996,9.7328,3.7281,4.1531,0,680,6
12,3,2,1,4,9,2,2,0.85478,1.6604,1.6998,5.0163,8.2329,2.5545,5.9967,0,680,6
12,4,2,1,2,7,1,1,1.0502,0.60039,1.3498,4.8997,6.8163,1.36,2.3999,20,700,7
13,1,3,1,3,7,1,2,0.85041,0.85997,1.1603,3.9768,6.4768,2.0106,4.8368,20,720,-1
13,2,3,1,5,7,2,1,0.5454,0.68486,2.5497,4.4163,7.6329,3.0951,5.1011,20,740,-1
13,3,3,1,5,9,2,2,0.5902,0.4456,2.3164,5.383,8.0162,2.4267,2.9066,0,740,-1
13,4,3,1,5,7,2,1,0.34017,0.65976,3.8164,7.0329,9.0828,4.1565,7.6926,20,760,-1
14,1,4,1,2,7,1,1,0.86558,0.54051,3.2102,6.2934,8.8267,3.7207,4.0757,20,780,-1
14,2,4,1,5,9,2,2,0.4753,0.61015,2.683,5.1663,9.0661,3.1583,5.7764,0,780,-1
14,3,4,1,4,7,2,1,0.34003,0.76511,2.2664,6.5496,10.566,2.6064,7.0296,20,800,-1
14,4,4,1,4,6,2,2,0.46069,0.49524,3.883,7.3496,10.999,4.3437,7.8448,40,840,-1
14,5,4,1,4,6,2,2,0.69985,1.1103,2.8997,4.7663,7.6162,3.5995,5.8766,40,880,-1
14,6,4,1,4,7,2,1,0.64532,0.89549,3.1664,7.0162,9.3495,3.8117,7.9117,20,900,-1
14,7,4,1,4,7,2,1,0.50494,1.4952,2.7833,5.8163,9.3828,3.2882,7.3114,20,920,-1
15,1,1,1,2,8,1,2,0.86019,1.4901,3.9426,7.5758,11.942,4.8027,7.9058,10,930,8
15,2,1,1,2,7,1,1,1.8602,1.4401,3.9497,8.0329,11.266,5.1648,5.8098,20,950,7
15,3,1,1,2,7,1,1,1.5053,0.66988,1.3998,6.7163,9.4328,2.905,7.3861,20,970,7
15,4,1,1,4,6,2,2,0.96544,1.1207,3.083,5.983,10.283,4.0485,7.1036,0,970,8
15,5,1,1,3,7,1,2,0.80985,1.8657,1.2331,3.9163,8.9495,1.7779,2.0429,0,970,8
16,1,2,1,2,8,1,1,1.5704,0.53565,2.7094,6.8093,8.7926,4.2798,7.3449,0,970,7
16,2,2,1,3,9,1,1,0.67016,1.5306,3.3664,5.133,10.5,4.0365,5.2285,0,970,7
16,3,2,1,3,9,1,1,1.2201,1.3704,3.7163,8.7831,12.899,3.9312,4.9363,0,970,7
16,4,2,1,4,9,2,2,1.2704,1.4403,2.583,7.3662,11.599,3.0283,3.8533,0,970,6
1,1,4,1,2,7,1,1,0.98045,0.51066,3.9419,7.5917,10.408,4.9223,8.1024,20,20,-1
1,2,4,1,4,7,2,1,0.75053,0.665,2.4997,4.4663,7.3495,3.2502,4.9712,20,40,-1
1,3,4,1,4,6,2,2,0.49051,1.925,2.8664,7.1663,12.799,3.3569,9.0912,40,80,-1
1,4,4,1,4,7,2,1,0.30021,0.44515,2.7997,6.5829,9.3995,3.0999,7.028,20,100,-1
2,1,3,1,5,9,2,1,0.26529,1.5703,2.3092,5.6924,9.8423,2.5744,5.8126,0,100,-1
2,2,3,1,4,6,2,1,0.78983,1.5551,2.6997,6.5996,11.366,3.4895,7.9697,40,140,-1
2,3,3,1,4,9,2,2,0.28005,1.2106,2.0997,5.7163,10.016,2.3798,5.8069,0,140,-1
2,4,3,1,5,6,2,2,0.24061,1.0654,3.866,5.4493,8.9159,4.1066,6.5147,40,180,-1
2,5,3,1,4,9,2,2,0.7599,0.58532,1.1831,2.9997,6.6162,1.943,3.585,0,180,-1
3,1,1,1,2,7,1,1,1.0552,1.1504,1.393,3.6429,5.8762,2.2482,2.4482,20,200,7
3,2,1,1,4,6,2,2,0.88515,0.57008,2.583,7.2162,9.2328,2.7731,3.4681,40,240,6
3,3,1,1,3,7,1,2,1.9004,1.4807,3.5664,8.0162,12.033,5.4667,8.3368,20,260,7
3,4,1,1,2,8,1,2,1.675,1.0506,3.0163,8.5328,13.433,4.6913,9.5834,10,270,8
3,5,1,1,2,7,1,1,1.9605,0.31057,2.6165,6.6996,10.633,4.072,4.577,20,290,7
3,6,1,1,2,7,1,1,0.81556,1.0457,1.933,4.983,7.4662,2.6384,2.7486,20,310,7
3,7,1,1,2,7,1,1,1.3408,0.69523,1.7997,4.5163,6.9496,3.1405,5.2115,20,330,7
4,1,2,1,2,7,1,1,0.69498,0.42483,1.0258,3.309,5.2757,1.7207,3.7338,20,350,7
4,2,2,1,4,9,2,2,0.91571,3.3653,3.8496,6.9162,11.516,4.7653,7.7367,0,350,6
4,3,2,1,2,8,1,2,0.79566,0.39988,3.883,7.9829,11.533,4.6786,8.2227,10,360,8
4,4,2,1,2,9,1,2,0.93052,0.57014,3.3497,7.9662,10.516,4.2802,8.5363,0,360,8
4,5,2,1,4,7,2,1,1.1807,1.0002,2.7997,6.3163,9.9328,3.9803,7.3165,0,360,6
5,1,3,1,4,6,2,1,1.3699,0.44007,3.1765,6.1264,9.2263,3.8313,4.5464,40,400,-1
5,2,3,1,5,7,2,1,1.0898,1.7408,1.1664,3.9997,9.6328,2.2562,5.7404,20,420,-1
5,3,3,1,5,6,2,2,1.1648,1.0654,3.833,6.5496,8.6495,4.9978,7.615,40,460,-1
5,4,3,1,5,6,2,2,0.76544,1.2249,1.9831,5.3996,9.1495,2.7485,6.6245,40,500,-1
5,5,3,1,5,9,2,2,0.83992,1.1803,3.3163,7.4162,11.116,3.9712,4.1562,0,500,-1
6,1,1,1,2,7,1,1,1.3601,0.98073,1.6056,6.0722,9.6554,2.0457,2.9657,20,520,7
6,2,1,1,4,9,2,2,0.93492,0.50553,2.1997,6.6663,9.5495,3.1346,7.1718,0,520,6
6,3,1,1,4,7,2,1,0.42542,0.25522,2.9831,6.1663,10.383,3.4084,6.4215,0,520,6
6,4,1,1,4,6,2,2,0.43484,0.67049,1.5831,5.8496,7.9996,2.0179,6.5201,40,560,6
6,5,1,1,2,8,1,2,0.82059,0.5904,2.3331,4.2163,6.5329,3.1536,4.8067,10,570,8
6,6,1,1,2,9,1,2,1.1806,1.2198,2.5164,7.2163,10.983,3.6969,8.4361,0,570,8
7,1,2,1,3,8,1,1,0.83987,1.6077,3.8923,6.2756,11.475,4.7321,7.7332,10,580,8
7,2,2,1,5,9,2,1,2.0757,0.39991,1.7164,6.0163,8.3995,2.657,3.7921,0,580,7
7,3,2,1,5,9,2,2,0.55005,1.0304,2.6997,6.8496,10.249,3.2497,7.8799,0,580,7
7,4,2,1,5,7,2,1,1.3106,1.1057,1.8331,6.2831,10.966,2.4086,3.1437,0,580,8
7,5,2,1,5,6,2,2,0.44504,0.58537,1.2997,5.5996,8.0662,1.7448,6.185,0,580,8
7,6,2,1,3,8,1,1,0.30011,0.38523,2.1997,4.1497,7.5664,2.4998,4.5349,0,580,7
8,1,4,1,2,9,1,2,0.63484,0.8307,2.7252,5.8084,7.7583,3.36,6.1891,0,580,-1
8,2,4,1,2,7,1,1,1.7208,0.5556,1.1831,5.0665,8.2329,2.0338,2.9039,20,600,-1
8,3,4,1,2,8,1,1,0.59494,0.74544,3.1663,6.7329,10.249,3.7612,7.4783,10,610,-1
8,4,4,1,2,9,1,2,0.65071,0.45997,2.2664,6.2163,10.033,2.9171,6.6762,0,610,-1
8,5,4,1,3,7,1,2,1.9002,0.86043,1.6164,5.8163,10.116,3.5166,6.6767,20,630,-1
9,1,3,1,2,7,1,1,0.46,0.52062,2.0921,6.3087,10.092,2.5521,6.8292,20,650,-1
9,2,3,1,5,7,2,1,1.5598,0.60506,1.1496,5.3995,8.5827,2.0994,2.7094,20,670,-1
9,3,3,1,3,7,1,2,0.6057,0.71524,4.0163,7.6829,10.866,4.622,8.3182,20,690,-1
10,1,4,1,2,7,1,1,0.81978,0.58529,1.7091,5.2256,9.7255,2.5288,5.8109,20,710,-1
10,2,4,1,5,7,2,1,0.5209,0.86981,2.633,4.333,7.8162,3.1539,5.2028,20,730,-1
10,3,4,1,4,7,2,1,0.6447,0.86062,3.733,7.0163,11.299,4.3777,7.497,20,750,-1
10,4,4,1,2,7,1,1,1.2049,1.4498,1.4498,4.783,8.0995,2.5996,2.6546,20,770,-1
10,5,4,1,4,7,2,1,0.32485,0.3548,1.6164,5.5996,7.5162,1.9412,5.9544,20,790,-1
10,6,4,1,2,7,1,1,0.43535,0.53558,3.933,7.2329,11.149,4.3683,7.7684,20,810,-1
10,7,4,1,4,7,2,1,0.034786,0.27497,2.4164,4.7663,8.7662,2.4511,5.0412,20,830,-1
11,1,2,1,3,8,1,1,0.44534,0.80551,3.8753,6.2752,8.3751,4.3206,6.6607,0,830,7
11,2,2,1,4,6,2,2,0.80501,1.5252,2.9497,5.3996,7.9662,3.7547,6.9248,0,830,7
11,3,2,1,2,7,1,1,1.0057,0.41044,2.3331,4.5163,6.6663,3.1187,3.3387,20,850,7
11,4,2,1,4,7,2,1,0.85493,0.32982,2.4997,5.983,8.7162,2.8496,3.3546,0,850,6
11,5,2,1,3,7,1,2,0.81639,0.68069,3.1664,7.6662,11.266,3.3317,3.9828,0,850,8
12,1,1,1,3,8,1,1,1.115,0.50997,4.0254,6.8587,8.7253,4.0604,5.1404,0,850,7
12,2,1,1,4,7,2,1,0.61025,0.79562,2.1331,6.6329,11.016,2.7433,7.3335,0,850,6
12,3,1,1,4,6,2,2,1.9706,0.62022,1.883,7.5995,9.8161,2.7185,3.8536,40,890,6
12,4,1,1,2,7,1,1,0.71996,0.74556,1.4998,5.4663,10.083,2.0997,2.2197,20,910,7
12,5,1,1,4,7,2,1,1.765,0.91526,3.5163,8.1662,12.799,4.0162,5.2813,0,910,6
13,1,3,1,3,9,1,2,1.1399,1.3655,2.7562,5.0228,7.5227,3.206,3.8961,0,910,-1
13,2,3,1,4,6,2,1,0.49526,0.96517,3.2664,6.5996,9.7995,3.7616,7.5647,40,950,-1
13,3,3,1,4,6,2,1,0.76066,0.61548,2.2497,4.533,7.1496,3.0104,5.1485,40,990,-1
13,4,3,1,4,7,2,1,1.1451,0.86504,3.333,7.5663,10.333,3.533,4.4781,20,1010,-1
14,1,2,1,5,9,2,1,1.3553,1.0298,3.5085,6.6751,10.092,4.8637,7.7049,0,1010,6
14,2,2,1,5,6,2,2,0.77073,1.0907,3.2997,6.6829,10.599,4.0704,7.0985,40,1050,6
14,3,2,1,4,6,2,1,0.94553,1.6904,2.2497,4.833,7.8328,2.9002,3.1952,40,1090,6
14,4,2,1,3,9,1,2,0.72988,1.1205,2.0497,6.6663,10.449,2.7796,7.0667,0,1090,8
14,5,2,1,2,7,1,1,0.58508,0.49993,3.2664,4.9496,8.8162,3.8514,5.4495,0,1090,6
15,1,4,1,4,6,2,2,1.2205,0.55491,2.1251,5.0917,7.7249,3.3456,5.6466,40,1130,-1
15,2,4,1,5,7,2,1,1.1748,0.88042,1.8831,5.8496,8.2495,2.0678,3.0579,20,1150,-1
15,3,4,1,3,8,1,1,0.55553,0.72999,2.5331,4.2497,6.9996,3.0186,3.0886,10,1160,-1
15,4,4,1,3,7,1,2,0.57476,0.8157,1.7164,6.1996,8.0662,2.2911,7.0153,20,1180,-1
15,5,4,1,2,7,1,1,1.4459,0.79527,2.8664,8.1162,11.649,3.5522,4.3123,20,1200,-1
16,1,1,1,2,7,1,1,0.69476,0.73558,1.9584,4.5417,8.1416,2.6532,5.2772,0,1200,8
16,2,1,1,2,7,1,1,1.4612,0.57975,3.0497,6.7163,8.6329,4.5109,7.296,20,1220,7
16,3,1,1,4,7,2,1,0.88988,0.62987,2.3164,6.4496,9.3828,2.7163,3.2062,0,1220,8
1,1,4,1,2,8,1,2,0.73507,0.49521,2.5743,5.3242,7.7741,3.3093,5.8194,10,10,-1
1,2,4,1,2,7,1,1,0.51502,0.54051,1.7164,4.083,6.9829,2.0064,2.2314,20,30,-1
1,3,4,1,4,7,2,1,0.23504,0.52516,3.2997,4.8997,6.5996,3.5347,5.4248,20,50,-1
1,4,4,1,4,6,2,2,0.32022,0.56509,2.4331,4.4663,7.8662,2.7533,5.0314,40,90,-1
2,1,2,1,2,8,1,1,1.7057,1.1606,2.2414,6.3247,10.608,2.547,3.9471,0,90,7
2,2,2,1,3,7,1,2,0.63484,2.6605,2.3997,5.4163,11.316,3.0345,6.7417,20,110,7
2,3,2,1,3,8,1,1,0.9807,2.0004,1.5331,6.3496,11.249,1.8237,2.5137,0,110,7
2,4,2,1,5,6,2,2,0.97023,1.0951,1.3164,4.1997,6.5162,2.2866,5.2948,40,150,6
2,5,2,1,4,7,2,1,0.82535,0.58522,3.6164,7.0496,10.283,4.4417,7.6348,0,150,6
3,1,3,1,5,6,2,2,1.1052,0.83499,3.1249,5.5081,9.758,4.165,4.23,40,190,-1
3,2,3,1,4,7,2,1,1.9257,2.305,3.0997,7.5996,11.549,3.6053,5.0253,20,210,-1
3,3,3,1,3,8,1,1,0.9406,1.8398,3.3497,6.1996,11.416,4.0552,4.2902,10,220,-1
3,4,3,1,4,9,2,2,2.3505,1.4602,1.8331,7.6996,11.899,1.8385,4.1835,0,220,-1
3,5,3,1,3,8,1,1,1.0754,2.035,1.8831,5.2996,9.1995,1.9387,2.9584,10,230,-1
4,1,1,1,4,7,2,1,1.6199,2.0648,3.2578,6.2911,9.8243,4.7327,4.8777,0,230,6
4,2,1,1,3,8,1,1,1.0051,0.73033,3.1997,7.1996,9.7828,4.1098,4.2047,0,230,7
4,3,1,1,2,8,1,1,0.88057,0.5707,3.9497,6.1996,8.7829,4.8302,6.3253,0,230,7
4,4,1,1,2,8,1,2,0.90059,0.57508,2.783,6.2996,8.9162,3.6836,6.7397,0,230,7
4,5,1,1,2,7,1,1,0.48572,0.7103,3.833,5.3997,7.4662,4.2238,4.3187,20,250,7
5,1,2,1,4,6,2,2,0.95559,2.4607,1.225,3.4749,7.2583,2.1805,5.9356,0,250,8
5,2,2,1,3,7,1,2,0.89063,1.1299,2.9829,6.8828,9.0827,3.8735,7.8926,20,270,7
5,3,2,1,3,9,1,2,1.585,0.65068,2.4331,7.2996,9.7828,4.0181,7.9502,0,270,8
6,1,3,1,5,9,2,1,1.7806,1.0851,3.2746,7.2912,11.008,4.6102,5.0552,0,270,-1
6,2,3,1,2,8,1,2,0.65482,0.5605,3.883,8.3495,11.699,4.5378,8.3999,10,280,-1
6,3,3,1,3,9,1,2,1.2506,1.2756,1.6331,5.4163,8.4162,2.8837,5.9017,0,280,-1
6,4,3,1,2,9,1,2,1.8498,0.9298,2.8331,8.2162,10.999,3.8828,4.6828,0,280,-1
6,5,3,1,5,7,2,1,1.3707,0.78537,2.983,8.2995,10.999,4.3537,9.0849,20,300,-1
7,1,1,1,2,7,1,1,0.50521,0.58975,3.1073,5.5238,8.9237,3.6124,5.8735,0,300,8
7,2,1,1,4,9,2,2,1.7649,2.2455,1.8831,4.7997,10.566,3.348,3.648,0,300,8
7,3,1,1,2,8,1,2,1.4202,0.59475,2.5331,6.6996,9.8662,3.9532,7.2943,10,310,8
7,4,1,1,2,7,1,1,1.195,0.53585,2.2664,6.8829,9.9828,3.4613,6.9184,20,330,7
7,5,1,1,4,7,2,1,1.3349,0.53469,3.433,6.1663,7.7829,4.7679,6.7009,0,330,6
8,1,4,1,2,7,1,1,1.8199,0.88053,3.7078,8.3743,11.424,4.7426,5.5277,20,350,-1
8,2,4,1,4,7,2,1,0.65066,0.7599,1.2831,5.483,7.7829,1.9337,6.2428,20,370,-1
8,3,4,1,2,7,1,1,0.61567,1.4799,1.4163,5.1162,8.7494,2.032,6.5961,20,390,-1
9,1,3,1,4,6,2,2,2.2906,1.4505,3.9546,7.7379,12.904,4.3701,6.2452,40,430,-1
9,2,3,1,2,7,1,1,1.1098,1.5051,1.7664,6.0163,8.7995,2.8762,6.2663,20,450,-1
9,3,3,1,4,6,2,2,1.2007,0.65556,2.4164,6.7496,10.099,3.6171,7.4051,40,490,-1
9,4,3,1,5,6,2,2,0.59482,0.81537,3.583,6.4496,9.0662,4.1778,7.2649,40,530,-1
10,1,4,1,2,8,1,2,0.87062,1.5805,3.8075,6.9907,10.124,4.678,8.5712,10,540,-1
10,2,4,1,2,7,1,1,1.2248,0.92528,3.5997,6.5163,9.7661,4.8244,7.4415,20,560,-1
10,3,4,1,2,7,1,1,1.6399,1.2652,3.2497,7.9496,10.849,4.3995,4.8896,20,580,-1
10,4,4,1,4,7,2,1,1.0147,1.4999,2.8497,4.8996,8.6829,3.8644,5.5495,20,600,-1
10,5,4,1,2,7,1,1,0.99505,1.0303,1.1997,5.3996,10.199,2.1947,6.0699,20,620,-1
10,6,4,1,2,7,1,1,0.72002,0.95516,3.2997,5.5996,9.8996,4.0197,6.5547,20,640,-1
11,1,1,1,2,7,1,1,1.8899,1.1352,3.5907,7.3906,11.257,4.3605,5.4805,20,660,7
11,2,1,1,2,7,1,1,0.73009,0.7102,3.8497,5.5997,7.3996,4.5798,6.3098,20,680,7
11,3,1,1,2,7,1,1,0.63074,0.40537,3.7997,8.0162,10.966,4.1004,4.4304,20,700,7
11,4,1,1,2,7,1,1,0.7202,0.59557,2.9164,7.5162,10.466,3.6366,7.9368,20,720,7
11,5,1,1,2,8,1,2,1.6158,0.65478,2.3331,7.5662,10.699,3.8688,3.9488,10,730,8
11,6,1,1,2,8,1,2,0.99006,0.61532,3.6997,7.8496,9.9162,4.6897,7.9699,10,740,8
12,1,2,1,4,6,2,1,1.4006,0.62489,3.707,8.0069,11.823,4.4425,5.1075,40,780,6
12,2,2,1,2,9,1,2,2.4051,1.0155,1.7664,7.0163,9.1662,1.8164,4.1715,0,780,8
12,3,2,1,2,8,1,2,1.5352,0.63043,3.4664,6.3163,9.7162,4.6516,5.0016,10,790,8
12,4,2,1,3,9,1,1,0.69492,1.0005,1.4498,5.1163,10.066,2.1446,6.1168,0,790,8
13,1,4,1,2,7,1,1,1.3104,0.8852,1.1075,3.5908,6.4578,2.4179,4.4759,20,810,-1
13,2,4,1,2,7,1,1,0.60012,0.30569,3.4492,7.4657,10.749,4.0493,7.7714,20,830,-1
13,3,4,1,3,7,1,2,0.70992,0.62484,2.4997,5.9329,10.233,3.2096,6.5577,20,850,-1
14,1,3,1,3,8,1,1,1.6298,0.35545,2.3574,7.574,11.657,3.4172,3.9872,10,860,-1
14,2,3,1,2,8,1,1,0.51074,0.80002,2.5997,6.2496,10.349,3.1104,6.5595,10,870,-1
14,3,3,1,2,8,1,2,0.66067,2.0349,3.8997,6.5996,11.833,4.5603,8.2095,10,880,-1
14,4,3,1,3,8,1,1,0.88051,0.93498,1.8663,4.0329,6.8329,2.7468,4.9679,10,890,-1
14,5,3,1,2,9,1,2,1.4455,0.63563,2.0497,5.6997,9.3662,2.3451,3.4952,0,890,-1
14,6,3,1,4,7,2,1,1.2409,0.85046,2.3497,5.183,8.7328,3.5905,6.0334,20,910,-1
14,7,3,1,5,9,2,1,0.46544,0.48995,3.8663,8.233,12.583,4.3317,8.7229,0,910,-1
15,1,1,1,4,7,2,1,1.1107,0.68564,3.3393,6.7226,9.5891,4.45,7.4082,0,910,6
15,2,1,1,4,7,2,1,0.89556,1.2355,3.9497,7.0829,12.316,4.4502,4.8452,0,910,6
15,3,1,1,5,9,2,2,0.94049,1.0955,2.733,7.5662,11.099,3.6735,8.6617,0,910,6
15,4,1,1,2,7,1,1,1.3301,2.1351,2.4334,6.7496,11.216,3.7634,7.8345,20,930,7
15,5,1,1,4,7,2,1,0.90054,0.75518,1.7831,6.1996,8.5828,2.6836,6.9547,0,930,6
15,6,1,1,2,8,1,2,1.1554,0.70057,3.5997,5.9996,9.1328,3.635,4.7551,10,940,8
16,1,2,1,5,9,2,1,2.1251,1.575,1.4062,5.3394,9.3059,3.5313,6.4944,0,940,8
16,2,2,1,3,8,1,1,1.1849,0.73041,2.5997,5.0163,9.3495,3.5846,3.7846,0,940,7
16,3,2,1,3,9,1,1,0.83502,0.30059,2.4664,6.7829,10.816,3.3014,7.0835,0,940,7
16,4,2,1,3,9,1,2,1.6653,3.6249,3.5164,6.8829,11.733,4.6217,5.1817,0,940,8
1,1,2,1,3,7,1,2,1.9998,1.4455,3.7946,8.3111,13.711,5.7944,8.9815,20,20,7
1,2,2,1,2,9,1,2,1.4502,0.90016,2.2997,7.2829,11.699,3.7498,8.183,0,20,8
1,3,2,1,2,8,1,1,1.6,0.42474,2.7831,7.4663,10.133,4.383,7.571,10,30,8
1,4,2,1,2,7,1,1,1.2702,0.42992,1.5331,5.2996,6.7996,2.8032,5.7295,0,30,8
1,5,2,1,4,7,2,1,0.96042,2.1057,1.1164,3.8164,8.8329,2.0768,5.922,0,30,6
2,1,1,1,4,7,2,1,1.09,1.4399,3.0555,5.8888,10.905,3.7905,4.1455,0,30,6
2,2,1,1,4,6,2,2,0.64556,0.44985,3.983,8.0829,11.966,4.6285,8.5327,40,70,6
2,3,1,1,2,8,1,1,0.57976,0.70054,2.0831,4.1164,6.3329,2.1178,2.6628,0,70,7
2,4,1,1,4,6,2,2,1.3501,0.46,3.0831,7.1663,11.383,4.4331,7.6262,40,110,6
2,5,1,1,2,7,1,1,1.5552,0.54493,1.5664,6.8829,10.666,2.8016,3.1216,20,130,7
3,1,4,1,2,8,1,2,0.93991,0.46982,3.4732,8.2064,10.056,4.1281,4.4131,10,140,-1
3,2,4,1,2,7,1,1,1.8857,0.96036,2.1663,7.7329,10.449,3.2719,4.052,20,160,-1
3,3,4,1,4,6,2,2,1.6848,0.56047,1.7831,6.5496,11.066,2.0178,3.4679,40,200,-1
3,4,4,1,4,6,2,2,0.59505,0.34498,2.1831,6.2163,9.2662,2.7781,6.5612,40,240,-1
3,5,4,1,4,7,2,1,0.67007,0.45994,1.5831,4.2163,8.0662,2.2532,4.6762,20,260,-1
3,6,4,1,4,6,2,2,0.66517,0.41544,1.633,5.7329,7.4495,2.2982,6.1483,40,300,-1
4,1,3,1,5,7,2,1,0.42027,0.83546,3.7393,6.1392,8.4391,4.1595,6.9746,20,320,-1
4,2,3,1,5,9,2,2,0.65053,0.53041,2.1331,5.3663,8.0996,2.7836,5.8967,0,320,-1
4,3,3,1,4,9,2,2,0.5599,0.48486,3.1164,5.9496,8.4161,3.6763,6.4344,0,320,-1
5,1,4,1,4,6,2,2,0.41042,0.78989,3.973,5.6896,7.7229,4.3834,6.4795,40,360,-1
5,2,4,1,5,7,2,1,0.91062,0.65574,1.3831,3.3831,7.7329,1.4686,2.2937,20,380,-1
5,3,4,1,4,6,2,2,0.32064,1.5948,2.4164,3.9663,7.3829,2.737,5.5611,40,420,-1
5,4,4,1,4,9,2,2,0.51499,0.34057,2.8164,6.3329,8.5495,3.3313,6.6735,0,420,-1
6,1,2,1,5,7,2,1,0.35546,0.74035,3.6398,6.573,9.6563,3.9952,7.3133,0,420,8
6,2,2,1,4,9,2,2,0.91014,0.58562,2.1331,4.1997,8.6662,2.1382,3.0432,0,420,6
6,3,2,1,4,6,2,1,0.5755,0.40015,1.7497,6.3163,8.0662,2.3252,6.7164,0,420,8
6,4,2,1,2,7,1,1,0.71496,0.61551,1.8164,5.4829,9.0828,2.5313,6.0984,20,440,7
6,5,2,1,3,7,1,2,0.79979,1.3551,3.683,7.7829,10.183,3.9228,4.4828,20,460,7
7,1,3,1,4,6,2,2,1.3155,1.1151,2.1398,5.3563,10.073,2.9253,3.4553,40,500,-1
7,2,3,1,4,6,2,1,0.51034,0.67555,2.2164,5.2163,7.4662,2.7267,5.8918,40,540,-1
7,3,3,1,4,9,2,2,0.5606,0.38503,3.6164,7.4329,11.699,3.7868,4.1769,0,540,-1
7,4,3,1,4,7,2,1,0.49998,0.51558,2.6497,6.9163,9.7828,3.1497,7.4318,20,560,-1
7,5,3,1,4,6,2,2,0.51974,0.49054,1.9664,3.8997,8.0662,2.4861,4.3902,40,600,-1
7,6,3,1,5,7,2,1,0.70007,0.42489,1.0831,3.5663,5.6163,1.7831,3.9912,20,620,-1
7,7,3,1,5,9,2,2,0.32992,0.41511,1.6831,3.933,5.9496,2.013,4.3481,0,620,-1
8,1,1,1,4,7,2,1,0.40049,0.36034,1.3724,4.6056,8.0555,1.7729,4.9659,0,620,6
8,2,1,1,4,6,2,2,0.52054,0.56043,2.0831,5.4663,9.4328,2.6036,6.0267,0,620,8
8,3,1,1,3,9,1,2,1.1254,0.86026,3.1497,5.633,10.066,3.9701,4.2751,0,620,8
9,1,2,1,3,8,1,1,1.0801,0.73504,1.1732,4.8064,8.073,2.2533,5.5414,0,620,7
9,2,2,1,3,8,1,1,1.5499,0.36515,2.7497,6.3996,8.7995,4.2196,4.2996,0,620,7
9,3,2,1,3,9,1,2,0.52995,0.43556,2.5164,6.2329,9.3495,3.0463,6.6685,0,620,7
9,4,2,1,5,7,2,1,0.42517,0.64032,3.983,5.533,8.6162,4.4082,6.1733,20,640,7
9,5,2,1,5,6,2,2,0.63483,0.53033,2.3164,5.333,9.0995,2.9512,5.8632,0,640,7
10,1,3,1,3,8,1,1,0.23496,0.71991,3.2231,6.8563,9.7729,3.458,7.5762,10,650,-1
10,2,3,1,5,6,2,2,1.0398,0.42999,3.2497,6.5996,8.3829,4.2895,7.0296,40,690,-1
10,3,3,1,4,7,2,1,0.92012,1.5404,2.1497,6.5496,11.433,2.5897,3.0698,20,710,-1
10,4,3,1,5,9,2,2,1.7153,0.55552,1.3831,5.1329,7.2995,3.0984,5.6884,0,710,-1
10,5,3,1,5,7,2,1,0.4554,0.34487,3.0497,5.4163,8.2829,3.5051,5.7612,20,730,-1
10,6,3,1,3,8,1,1,0.36,0.33553,1.8664,4.483,7.3662,2.2264,4.8185,10,740,-1
10,7,3,1,2,8,1,2,0.59998,1.1449,2.1664,4.4997,7.8495,2.2063,2.7664,10,750,-1
11,1,1,1,5,9,2,2,1.6207,0.38057,1.5053,5.1385,6.7385,3.126,5.5191,0,750,6
11,2,1,1,2,9,1,2,0.7757,0.44527,3.0831,7.0496,10.766,3.2037,3.8587,0,750,7
11,3,1,1,2,7,1,1,0.47478,0.34007,1.6831,5.6329,7.9162,2.1578,5.973,20,770,7
11,4,1,1,4,7,2,1,1.3006,0.38061,3.5164,8.0996,9.6995,4.817,8.4801,0,770,6
11,5,1,1,2,7,1,1,1.6857,0.32498,2.2331,6.7829,10.566,2.4237,3.9188,20,790,7
11,6,1,1,4,6,2,2,0.65019,0.47482,2.5497,6.7163,9.0495,3.1999,7.191,40,830,6
12,1,4,1,2,8,1,2,0.8599,0.25529,1.238,5.8879,8.7878,2.0979,6.1431,10,840,-1
12,2,4,1,4,7,2,1,0.59003,0.71485,2.4164,4.2497,7.1829,3.0064,4.4044,20,860,-1
12,3,4,1,2,8,1,2,0.34066,0.31011,1.8331,5.1497,8.5329,2.1737,5.4598,10,870,-1
12,4,4,1,2,7,1,1,0.54009,0.43525,2.733,5.383,8.2495,3.2731,5.8182,20,890,-1
12,5,4,1,3,7,1,2,0.31478,0.29995,2.5331,4.883,6.9996,2.8478,5.1829,20,910,-1
13,1,1,1,2,8,1,2,2.1708,0.35032,2.3392,7.1557,10.289,4.51,7.4211,10,920,8
13,2,1,1,4,6,2,2,0.69025,0.40988,2.083,6.6496,9.1662,2.7733,7.0594,40,960,6
13,3,1,1,2,8,1,2,1.0356,0.47511,1.0498,4.0663,5.9329,2.0853,4.5414,10,970,8
13,4,1,1,4,7,2,1,0.82043,0.58547,3.6164,6.1663,9.4162,4.0316,4.4368,0,970,6
14,1,3,1,3,7,1,2,2.0455,1.0051,3.2558,9.0223,13.239,3.8062,5.3013,20,990,-1
14,2,3,1,4,9,2,2,0.97482,1.5505,3.183,6.6996,11.316,4.1578,8.1701,0,990,-1
14,3,3,1,5,9,2,1,1.6004,0.48524,3.4497,6.2829,9.2328,5.0501,6.7681,0,990,-1
14,4,3,1,4,7,2,1,1.4355,0.64036,3.083,6.5163,8.4829,3.2235,4.5185,20,1010,-1
14,5,3,1,4,6,2,1,1.3653,1.8699,3.8997,6.7663,11.666,3.9399,5.265,40,1050,-1
14,6,3,1,3,9,1,1,0.48484,0.44569,3.5163,6.4496,9.4328,4.0011,6.8952,0,1050,-1
15,1,2,1,2,8,1,2,1.3455,0.46479,1.7219,5.9218,8.255,3.0674,6.3865,10,1060,8
15,2,2,1,2,8,1,1,1.2857,1.6854,3.833,7.8496,12.033,4.9737,5.1187,0,1060,7
15,3,2,1,4,7,2,1,0.84059,1.0654,2.6497,4.683,7.3662,3.4902,4.9383,0,1060,6
15,4,2,1,2,9,1,2,0.99067,0.30553,3.9997,7.4829,10.799,4.9903,7.7884,0,1060,8
15,5,2,1,5,7,2,1,1.2001,0.39569,2.4831,6.6496,9.1995,3.6832,7.0453,0,1060,6
16,1,4,1,4,6,2,2,1.2305,0.38006,1.8059,5.6225,9.589,2.3563,3.0364,40,1100,-1
16,2,4,1,4,7,2,1,1.5155,0.9454,3.6164,8.4996,11.616,4.7668,5.1318,20,1120,-1
16,3,4,1,4,6,2,2,0.57553,0.59511,1.5164,3.583,6.9496,2.0919,4.1781,40,1160,-1
16,4,4,1,5,7,2,1,0.40554,0.8957,2.783,4.233,7.5829,3.1886,4.5986,20,1180,-1
16,5,4,1,4,6,2,2,2.6799,0.71979,1.8331,6.2163,8.7329,3.413,4.513,40,1220,-1
